n_samples,n_features,n_numeric,n_categorical,n_classes,class_imbalance,class_entropy,missing_ratio,mean_corr,dataset,difficulty
48842,14,6,8,2,3.179173440574998,0.5502506190603338,0.009454684785342825,0.2161957860766296,adult,3.179173440574998
150,4,4,0,3,1.0,1.0986122886681096,0.0,0.6923617904613262,iris,1.0
6497,11,11,0,7,567.2,1.273730028021701,0.0,0.31344458668883557,wine,567.2
